{
  "labels": [
    "Jan ",
    "Feb",
    "Mar",
    "Apr",
    "May",
    "Jun",
    "Jul",
    "Aug",
    "Sep",
    "Oct",
    "Nov",
    "Dec"
  ],
  "cumulative": {
    "Revenue": [
      951, 1051, 1338, 1790, 1894, 2177, 2529, 2404, 2015, 1894, 1762, 1140
    ]
  },
  "GuttenPlans x1367": {
    "Revenue": [493, 554, 616, 738, 663, 686, 1020, 920, 663, 565, 595, 324]
  },
  "EB Public Library x1380": {
    "Revenue": [null, null, 257, 665, 761, 940, 879, 914, 935, 916, 746, 537]
  },
  "Earle Asphalt x1371": {
    "Revenue": [173, 196, 176, 128, 117, 121, 133, 232, 208, 157, 189, 116]
  },
  "BSQ Mall x1364 - Zales": {
    "Revenue": [117, 144, 192, 118, 205, 229, 288, 194, 85, 124, 91, 74]
  },
  "BSQ Mall x1366 - ATT": {
    "Revenue": [169, 157, 98, 143, 149, 202, 209, 144, 124, 132, 142, 89]
  }
}
